<?xml version="1.0" encoding="UTF-8"?>
<project-private xmlns="http://www.netbeans.org/ns/project-private/1">
    <editor-bookmarks xmlns="http://www.netbeans.org/ns/editor-bookmarks/2" lastBookmarkId="0"/>
    <open-files xmlns="http://www.netbeans.org/ns/projectui-open-files/2">
        <group>
            <file>file:/C:/ROMAN/Cursos/FullStack/Programación%20Java/PRACTICA/EjercicioPOO12/src/ejerciciopoo12/EjercicioPOO12.java</file>
            <file>file:/C:/ROMAN/Cursos/FullStack/Programación%20Java/PRACTICA/EjercicioPOO12/src/ejerciciopoo12/Persona.java</file>
            <file>file:/C:/ROMAN/Cursos/FullStack/Programación%20Java/PRACTICA/EjercicioPOO12/src/Servicios/ServicioPersona.java</file>
        </group>
    </open-files>
</project-private>
